[{"id":1,"nombre":"Kenneth","apellido":"Dean","correo":"kdean0@tinypic.com","sexo":"Male","avatar":"https://robohash.org/evenietminimaet.jpg?size=50x50\u0026set=set1"},
{"id":2,"nombre":"Lori","apellido":"Jones","correo":"ljones1@privacy.gov.au","sexo":"Female","avatar":"https://robohash.org/voluptatemmolestiaeconsequatur.jpg?size=50x50\u0026set=set1"},
{"id":3,"nombre":"Brenda","apellido":"Bryant","correo":"bbryant2@state.gov","sexo":"Female","avatar":"https://robohash.org/sintoccaecatisimilique.jpg?size=50x50\u0026set=set1"},
{"id":4,"nombre":"Martin","apellido":"Gonzales","correo":"mgonzales3@hatena.ne.jp","sexo":"Male","avatar":"https://robohash.org/debitisvoluptatibusnam.jpg?size=50x50\u0026set=set1"},
{"id":5,"nombre":"Stephen","apellido":"Sims","correo":"ssims4@pagesperso-orange.fr","sexo":"Male","avatar":"https://robohash.org/nesciuntdoloressunt.jpg?size=50x50\u0026set=set1"},
{"id":6,"nombre":"Samuel","apellido":"Hart","correo":"shart5@miitbeian.gov.cn","sexo":"Male","avatar":"https://robohash.org/iustoaccusantiumtempora.jpg?size=50x50\u0026set=set1"},
{"id":7,"nombre":"Cheryl","apellido":"Cox","correo":"ccox6@github.com","sexo":"Female","avatar":"https://robohash.org/eumsedsed.jpg?size=50x50\u0026set=set1"},
{"id":8,"nombre":"Raymond","apellido":"Baker","correo":"rbaker7@issuu.com","sexo":"Male","avatar":"https://robohash.org/utsequiin.jpg?size=50x50\u0026set=set1"},
{"id":9,"nombre":"Stephen","apellido":"Fisher","correo":"sfisher8@unesco.org","sexo":"Male","avatar":"https://robohash.org/providentettempora.jpg?size=50x50\u0026set=set1"},
{"id":10,"nombre":"Earl","apellido":"Warren","correo":"ewarren9@thetimes.co.uk","sexo":"Male","avatar":"https://robohash.org/sedvoluptatemqui.jpg?size=50x50\u0026set=set1"},
{"id":11,"nombre":"Janet","apellido":"Sullivan","correo":"jsullivana@quantcast.com","sexo":"Female","avatar":"https://robohash.org/natussedomnis.jpg?size=50x50\u0026set=set1"},
{"id":12,"nombre":"Harold","apellido":"Moreno","correo":"hmorenob@google.com.hk","sexo":"Male","avatar":"https://robohash.org/nostrumidnihil.jpg?size=50x50\u0026set=set1"},
{"id":13,"nombre":"Heather","apellido":"Greene","correo":"hgreenec@ted.com","sexo":"Female","avatar":"https://robohash.org/pariaturvoluptatequis.jpg?size=50x50\u0026set=set1"},
{"id":14,"nombre":"Ryan","apellido":"Ross","correo":"rrossd@usnews.com","sexo":"Male","avatar":"https://robohash.org/uterrorvoluptatem.jpg?size=50x50\u0026set=set1"},
{"id":15,"nombre":"Joe","apellido":"Carter","correo":"jcartere@microsoft.com","sexo":"Male","avatar":"https://robohash.org/autprovidentin.jpg?size=50x50\u0026set=set1"},
{"id":16,"nombre":"Victor","apellido":"Moreno","correo":"vmorenof@ted.com","sexo":"Male","avatar":"https://robohash.org/quaevoluptatesaut.jpg?size=50x50\u0026set=set1"},
{"id":17,"nombre":"Debra","apellido":"Garza","correo":"dgarzag@tripod.com","sexo":"Female","avatar":"https://robohash.org/nonquiquia.jpg?size=50x50\u0026set=set1"},
{"id":18,"nombre":"Patricia","apellido":"Knight","correo":"pknighth@marketwatch.com","sexo":"Female","avatar":"https://robohash.org/sapientehicut.jpg?size=50x50\u0026set=set1"},
{"id":19,"nombre":"Rose","apellido":"Williamson","correo":"rwilliamsoni@yellowpages.com","sexo":"Female","avatar":"https://robohash.org/numquamnecessitatibussequi.jpg?size=50x50\u0026set=set1"},
{"id":20,"nombre":"Amanda","apellido":"Burke","correo":"aburkej@google.com.hk","sexo":"Female","avatar":"https://robohash.org/officiisdelectusest.jpg?size=50x50\u0026set=set1"},
{"id":21,"nombre":"Pamela","apellido":"Johnston","correo":"pjohnstonk@samsung.com","sexo":"Female","avatar":"https://robohash.org/doloremquedictaenim.jpg?size=50x50\u0026set=set1"},
{"id":22,"nombre":"Harold","apellido":"Spencer","correo":"hspencerl@washington.edu","sexo":"Male","avatar":"https://robohash.org/eteosvoluptates.jpg?size=50x50\u0026set=set1"},
{"id":23,"nombre":"Brenda","apellido":"Franklin","correo":"bfranklinm@reuters.com","sexo":"Female","avatar":"https://robohash.org/totamofficiiseius.jpg?size=50x50\u0026set=set1"},
{"id":24,"nombre":"Jonathan","apellido":"Payne","correo":"jpaynen@go.com","sexo":"Male","avatar":"https://robohash.org/utaliquamquam.jpg?size=50x50\u0026set=set1"},
{"id":25,"nombre":"Deborah","apellido":"Barnes","correo":"dbarneso@engadget.com","sexo":"Female","avatar":"https://robohash.org/expeditaquaeratnon.jpg?size=50x50\u0026set=set1"},
{"id":26,"nombre":"Jerry","apellido":"Burke","correo":"jburkep@webs.com","sexo":"Male","avatar":"https://robohash.org/nequeporroquod.jpg?size=50x50\u0026set=set1"},
{"id":27,"nombre":"Lois","apellido":"Harrison","correo":"lharrisonq@ox.ac.uk","sexo":"Female","avatar":"https://robohash.org/nisisequiid.jpg?size=50x50\u0026set=set1"},
{"id":28,"nombre":"Philip","apellido":"Bryant","correo":"pbryantr@huffingtonpost.com","sexo":"Male","avatar":"https://robohash.org/doloresinciduntaperiam.jpg?size=50x50\u0026set=set1"},
{"id":29,"nombre":"Harry","apellido":"Henry","correo":"hhenrys@blogs.com","sexo":"Male","avatar":"https://robohash.org/utipsumoccaecati.jpg?size=50x50\u0026set=set1"},
{"id":30,"nombre":"Shirley","apellido":"Johnson","correo":"sjohnsont@europa.eu","sexo":"Female","avatar":"https://robohash.org/doloremipsamdeleniti.jpg?size=50x50\u0026set=set1"},
{"id":31,"nombre":"Mildred","apellido":"Anderson","correo":"mandersonu@wikia.com","sexo":"Female","avatar":"https://robohash.org/voluptatesquoet.jpg?size=50x50\u0026set=set1"},
{"id":32,"nombre":"Denise","apellido":"Mason","correo":"dmasonv@sciencedaily.com","sexo":"Female","avatar":"https://robohash.org/eavoluptatesut.jpg?size=50x50\u0026set=set1"},
{"id":33,"nombre":"Jason","apellido":"Wells","correo":"jwellsw@studiopress.com","sexo":"Male","avatar":"https://robohash.org/delectusquieveniet.jpg?size=50x50\u0026set=set1"},
{"id":34,"nombre":"Jonathan","apellido":"Fuller","correo":"jfullerx@arstechnica.com","sexo":"Male","avatar":"https://robohash.org/velitnamvel.jpg?size=50x50\u0026set=set1"},
{"id":35,"nombre":"Doris","apellido":"Berry","correo":"dberryy@tinyurl.com","sexo":"Female","avatar":"https://robohash.org/ullamexplicaborem.jpg?size=50x50\u0026set=set1"},
{"id":36,"nombre":"Anna","apellido":"Martin","correo":"amartinz@cnn.com","sexo":"Female","avatar":"https://robohash.org/quimagnieius.jpg?size=50x50\u0026set=set1"},
{"id":37,"nombre":"Tammy","apellido":"Fernandez","correo":"tfernandez10@msn.com","sexo":"Female","avatar":"https://robohash.org/enimdoloremvelit.jpg?size=50x50\u0026set=set1"},
{"id":38,"nombre":"Robin","apellido":"Stone","correo":"rstone11@reuters.com","sexo":"Female","avatar":"https://robohash.org/ducimusipsamconsequatur.jpg?size=50x50\u0026set=set1"},
{"id":39,"nombre":"Frank","apellido":"Hart","correo":"fhart12@aol.com","sexo":"Male","avatar":"https://robohash.org/etvelsaepe.jpg?size=50x50\u0026set=set1"},
{"id":40,"nombre":"James","apellido":"Peters","correo":"jpeters13@elpais.com","sexo":"Male","avatar":"https://robohash.org/quaeratquaedolore.jpg?size=50x50\u0026set=set1"},
{"id":41,"nombre":"Eric","apellido":"Gutierrez","correo":"egutierrez14@whitehouse.gov","sexo":"Male","avatar":"https://robohash.org/velitisteasperiores.jpg?size=50x50\u0026set=set1"},
{"id":42,"nombre":"Daniel","apellido":"Nichols","correo":"dnichols15@purevolume.com","sexo":"Male","avatar":"https://robohash.org/adipiscinoneaque.jpg?size=50x50\u0026set=set1"},
{"id":43,"nombre":"Marie","apellido":"George","correo":"mgeorge16@amazon.co.uk","sexo":"Female","avatar":"https://robohash.org/etsuntrecusandae.jpg?size=50x50\u0026set=set1"},
{"id":44,"nombre":"Terry","apellido":"Sullivan","correo":"tsullivan17@tripadvisor.com","sexo":"Male","avatar":"https://robohash.org/rerumreprehenderiterror.jpg?size=50x50\u0026set=set1"},
{"id":45,"nombre":"Larry","apellido":"Ford","correo":"lford18@foxnews.com","sexo":"Male","avatar":"https://robohash.org/oditetnon.jpg?size=50x50\u0026set=set1"},
{"id":46,"nombre":"Anthony","apellido":"Austin","correo":"aaustin19@qq.com","sexo":"Male","avatar":"https://robohash.org/eosidquibusdam.jpg?size=50x50\u0026set=set1"},
{"id":47,"nombre":"Joyce","apellido":"Pierce","correo":"jpierce1a@timesonline.co.uk","sexo":"Female","avatar":"https://robohash.org/aliquidfacilisducimus.jpg?size=50x50\u0026set=set1"},
{"id":48,"nombre":"Dennis","apellido":"Russell","correo":"drussell1b@ameblo.jp","sexo":"Male","avatar":"https://robohash.org/aspernaturquirecusandae.jpg?size=50x50\u0026set=set1"},
{"id":49,"nombre":"Anna","apellido":"Edwards","correo":"aedwards1c@purevolume.com","sexo":"Female","avatar":"https://robohash.org/siteanihil.jpg?size=50x50\u0026set=set1"},
{"id":50,"nombre":"Margaret","apellido":"Hall","correo":"mhall1d@phpbb.com","sexo":"Female","avatar":"https://robohash.org/accusantiumautrepudiandae.jpg?size=50x50\u0026set=set1"},
{"id":51,"nombre":"Jane","apellido":"Gonzalez","correo":"jgonzalez1e@nbcnews.com","sexo":"Female","avatar":"https://robohash.org/nequeoptiosaepe.jpg?size=50x50\u0026set=set1"},
{"id":52,"nombre":"Jane","apellido":"Myers","correo":"jmyers1f@toplist.cz","sexo":"Female","avatar":"https://robohash.org/asperioresdoloreset.jpg?size=50x50\u0026set=set1"},
{"id":53,"nombre":"Julie","apellido":"Flores","correo":"jflores1g@liveinternet.ru","sexo":"Female","avatar":"https://robohash.org/autoccaecativeniam.jpg?size=50x50\u0026set=set1"},
{"id":54,"nombre":"Justin","apellido":"Clark","correo":"jclark1h@umich.edu","sexo":"Male","avatar":"https://robohash.org/dictanobissed.jpg?size=50x50\u0026set=set1"},
{"id":55,"nombre":"Mark","apellido":"Palmer","correo":"mpalmer1i@jiathis.com","sexo":"Male","avatar":"https://robohash.org/ettemporibusest.jpg?size=50x50\u0026set=set1"},
{"id":56,"nombre":"Tina","apellido":"Wagner","correo":"twagner1j@chronoengine.com","sexo":"Female","avatar":"https://robohash.org/fugitmodiet.jpg?size=50x50\u0026set=set1"},
{"id":57,"nombre":"Denise","apellido":"Wheeler","correo":"dwheeler1k@jugem.jp","sexo":"Female","avatar":"https://robohash.org/voluptatibusnonaspernatur.jpg?size=50x50\u0026set=set1"},
{"id":58,"nombre":"Theresa","apellido":"Webb","correo":"twebb1l@clickbank.net","sexo":"Female","avatar":"https://robohash.org/exercitationemdebitisab.jpg?size=50x50\u0026set=set1"},
{"id":59,"nombre":"Paula","apellido":"Moore","correo":"pmoore1m@nasa.gov","sexo":"Female","avatar":"https://robohash.org/ametrepellenduset.jpg?size=50x50\u0026set=set1"},
{"id":60,"nombre":"Larry","apellido":"Stephens","correo":"lstephens1n@state.gov","sexo":"Male","avatar":"https://robohash.org/velitaquedolor.jpg?size=50x50\u0026set=set1"},
{"id":61,"nombre":"Gerald","apellido":"Olson","correo":"golson1o@rediff.com","sexo":"Male","avatar":"https://robohash.org/atqueblanditiisullam.jpg?size=50x50\u0026set=set1"},
{"id":62,"nombre":"Joan","apellido":"Grant","correo":"jgrant1p@java.com","sexo":"Female","avatar":"https://robohash.org/nequereprehenderiteaque.jpg?size=50x50\u0026set=set1"},
{"id":63,"nombre":"George","apellido":"Jones","correo":"gjones1q@digg.com","sexo":"Male","avatar":"https://robohash.org/eumperspiciatispariatur.jpg?size=50x50\u0026set=set1"},
{"id":64,"nombre":"Scott","apellido":"Castillo","correo":"scastillo1r@multiply.com","sexo":"Male","avatar":"https://robohash.org/eamolestiasconsequuntur.jpg?size=50x50\u0026set=set1"},
{"id":65,"nombre":"Frances","apellido":"Reyes","correo":"freyes1s@ibm.com","sexo":"Female","avatar":"https://robohash.org/delenitilaborumrepellat.jpg?size=50x50\u0026set=set1"},
{"id":66,"nombre":"Eugene","apellido":"Warren","correo":"ewarren1t@nhs.uk","sexo":"Male","avatar":"https://robohash.org/autemaccusantiumasperiores.jpg?size=50x50\u0026set=set1"},
{"id":67,"nombre":"Joshua","apellido":"Olson","correo":"jolson1u@comcast.net","sexo":"Male","avatar":"https://robohash.org/voluptatemestid.jpg?size=50x50\u0026set=set1"},
{"id":68,"nombre":"Craig","apellido":"Garcia","correo":"cgarcia1v@webeden.co.uk","sexo":"Male","avatar":"https://robohash.org/facilisinciduntsapiente.jpg?size=50x50\u0026set=set1"},
{"id":69,"nombre":"Paul","apellido":"Reyes","correo":"preyes1w@alibaba.com","sexo":"Male","avatar":"https://robohash.org/veroisteea.jpg?size=50x50\u0026set=set1"},
{"id":70,"nombre":"Gerald","apellido":"Bennett","correo":"gbennett1x@weather.com","sexo":"Male","avatar":"https://robohash.org/quodoloremodit.jpg?size=50x50\u0026set=set1"},
{"id":71,"nombre":"Marilyn","apellido":"Simpson","correo":"msimpson1y@4shared.com","sexo":"Female","avatar":"https://robohash.org/doloremqueetsit.jpg?size=50x50\u0026set=set1"},
{"id":72,"nombre":"Russell","apellido":"Harvey","correo":"rharvey1z@xing.com","sexo":"Male","avatar":"https://robohash.org/placeatvoluptatemdoloremque.jpg?size=50x50\u0026set=set1"},
{"id":73,"nombre":"Gregory","apellido":"Day","correo":"gday20@photobucket.com","sexo":"Male","avatar":"https://robohash.org/etsolutaveritatis.jpg?size=50x50\u0026set=set1"},
{"id":74,"nombre":"Norma","apellido":"Welch","correo":"nwelch21@drupal.org","sexo":"Female","avatar":"https://robohash.org/debitismolestiaeet.jpg?size=50x50\u0026set=set1"},
{"id":75,"nombre":"Bonnie","apellido":"Day","correo":"bday22@reuters.com","sexo":"Female","avatar":"https://robohash.org/commodiomnisarchitecto.jpg?size=50x50\u0026set=set1"},
{"id":76,"nombre":"Earl","apellido":"Long","correo":"elong23@adobe.com","sexo":"Male","avatar":"https://robohash.org/laboriosamtemporaeos.jpg?size=50x50\u0026set=set1"},
{"id":77,"nombre":"Robert","apellido":"Olson","correo":"rolson24@nytimes.com","sexo":"Male","avatar":"https://robohash.org/etexpeditaad.jpg?size=50x50\u0026set=set1"},
{"id":78,"nombre":"Carol","apellido":"Sullivan","correo":"csullivan25@deviantart.com","sexo":"Female","avatar":"https://robohash.org/quiexcepturiconsequatur.jpg?size=50x50\u0026set=set1"},
{"id":79,"nombre":"Irene","apellido":"Gray","correo":"igray26@pagesperso-orange.fr","sexo":"Female","avatar":"https://robohash.org/corporisinnam.jpg?size=50x50\u0026set=set1"},
{"id":80,"nombre":"Katherine","apellido":"Greene","correo":"kgreene27@etsy.com","sexo":"Female","avatar":"https://robohash.org/quoeligendiest.jpg?size=50x50\u0026set=set1"},
{"id":81,"nombre":"Joshua","apellido":"Cooper","correo":"jcooper28@simplemachines.org","sexo":"Male","avatar":"https://robohash.org/providentnobisnam.jpg?size=50x50\u0026set=set1"},
{"id":82,"nombre":"Elizabeth","apellido":"Martin","correo":"emartin29@dailymotion.com","sexo":"Female","avatar":"https://robohash.org/atquesaepeporro.jpg?size=50x50\u0026set=set1"},
{"id":83,"nombre":"Jacqueline","apellido":"Hart","correo":"jhart2a@home.pl","sexo":"Female","avatar":"https://robohash.org/evenietexpeditavoluptas.jpg?size=50x50\u0026set=set1"},
{"id":84,"nombre":"Anthony","apellido":"Foster","correo":"afoster2b@blogger.com","sexo":"Male","avatar":"https://robohash.org/occaecatisedqui.jpg?size=50x50\u0026set=set1"},
{"id":85,"nombre":"Stephanie","apellido":"Harris","correo":"sharris2c@sciencedaily.com","sexo":"Female","avatar":"https://robohash.org/eiuspraesentiumdoloribus.jpg?size=50x50\u0026set=set1"},
{"id":86,"nombre":"Dennis","apellido":"Porter","correo":"dporter2d@sphinn.com","sexo":"Male","avatar":"https://robohash.org/quiremautem.jpg?size=50x50\u0026set=set1"},
{"id":87,"nombre":"Michelle","apellido":"Chapman","correo":"mchapman2e@dedecms.com","sexo":"Female","avatar":"https://robohash.org/voluptasautemharum.jpg?size=50x50\u0026set=set1"},
{"id":88,"nombre":"Kimberly","apellido":"Wheeler","correo":"kwheeler2f@google.pl","sexo":"Female","avatar":"https://robohash.org/excepturiiustofuga.jpg?size=50x50\u0026set=set1"},
{"id":89,"nombre":"Jacqueline","apellido":"Williamson","correo":"jwilliamson2g@yahoo.com","sexo":"Female","avatar":"https://robohash.org/quiquasiiusto.jpg?size=50x50\u0026set=set1"},
{"id":90,"nombre":"Louise","apellido":"Fernandez","correo":"lfernandez2h@soup.io","sexo":"Female","avatar":"https://robohash.org/consequaturetadipisci.jpg?size=50x50\u0026set=set1"},
{"id":91,"nombre":"Mark","apellido":"Wright","correo":"mwright2i@google.pl","sexo":"Male","avatar":"https://robohash.org/abvoluptatibuslaboriosam.jpg?size=50x50\u0026set=set1"},
{"id":92,"nombre":"Thomas","apellido":"Sims","correo":"tsims2j@dell.com","sexo":"Male","avatar":"https://robohash.org/idveroatque.jpg?size=50x50\u0026set=set1"},
{"id":93,"nombre":"Jessica","apellido":"Meyer","correo":"jmeyer2k@spiegel.de","sexo":"Female","avatar":"https://robohash.org/quamsapienteiure.jpg?size=50x50\u0026set=set1"},
{"id":94,"nombre":"Marie","apellido":"Baker","correo":"mbaker2l@arstechnica.com","sexo":"Female","avatar":"https://robohash.org/velveniamnemo.jpg?size=50x50\u0026set=set1"},
{"id":95,"nombre":"Anne","apellido":"Garza","correo":"agarza2m@chron.com","sexo":"Female","avatar":"https://robohash.org/expeditacommodiomnis.jpg?size=50x50\u0026set=set1"},
{"id":96,"nombre":"Patricia","apellido":"Castillo","correo":"pcastillo2n@un.org","sexo":"Female","avatar":"https://robohash.org/laudantiumvelitquod.jpg?size=50x50\u0026set=set1"},
{"id":97,"nombre":"Jerry","apellido":"Miller","correo":"jmiller2o@de.vu","sexo":"Male","avatar":"https://robohash.org/sitteneturillo.jpg?size=50x50\u0026set=set1"},
{"id":98,"nombre":"Steven","apellido":"Price","correo":"sprice2p@1und1.de","sexo":"Male","avatar":"https://robohash.org/temporibusiurefugiat.jpg?size=50x50\u0026set=set1"},
{"id":99,"nombre":"Diana","apellido":"Chapman","correo":"dchapman2q@google.de","sexo":"Female","avatar":"https://robohash.org/laudantiumdeseruntquibusdam.jpg?size=50x50\u0026set=set1"},
{"id":100,"nombre":"Shawn","apellido":"Lynch","correo":"slynch2r@usgs.gov","sexo":"Male","avatar":"https://robohash.org/expeditasedut.jpg?size=50x50\u0026set=set1"}]